Dataset,feature_name,Threshold Method,OoD==f(x)=y,Performance Calibrated,OoD Val Fold,OoD Test Fold,bias,k,tpr,tnr,ba
CCT,Entropy,val_optimal,True,True,OoD Val,OoD Val,Unbiased,-1,0.7422680412371134,0.3496042216358839,0.5459361314364987
CCT,Entropy,val_optimal,True,True,OoD Val,OoD Val,Class,-1,0.6915351506456241,0.5822784810126582,0.6369068158291411
CCT,Entropy,val_optimal,True,True,OoD Val,OoD Val,Temporal,-1,0.16666666666666666,0.3208489388264669,0.24375780274656678
CCT,Entropy,val_optimal,True,True,OoD Val,OoD Test,Unbiased,-1,0.7433628318584071,0.362533692722372,0.5529482622903896
CCT,Entropy,val_optimal,True,True,OoD Val,OoD Test,Class,-1,0.7148997134670487,0.5796178343949044,0.6472587739309765
CCT,Entropy,val_optimal,True,True,OoD Val,OoD Test,Temporal,-1,0.23684210526315788,0.3119383825417201,0.274390243902439
CCT,Entropy,val_optimal,True,True,OoD Test,OoD Val,Unbiased,-1,0.7731958762886598,0.3245382585751979,0.5488670674319289
CCT,Entropy,val_optimal,True,True,OoD Test,OoD Val,Class,-1,0.7015781922525107,0.5822784810126582,0.6419283366325845
CCT,Entropy,val_optimal,True,True,OoD Test,OoD Val,Temporal,-1,0.16666666666666666,0.2983770287141073,0.23252184769038697
CCT,Entropy,val_optimal,True,True,OoD Test,OoD Test,Unbiased,-1,0.7787610619469026,0.34097035040431267,0.5598657061756076
CCT,Entropy,val_optimal,True,True,OoD Test,OoD Test,Class,-1,0.7206303724928367,0.5796178343949044,0.6501241034438705
CCT,Entropy,val_optimal,True,True,OoD Test,OoD Test,Temporal,-1,0.25,0.2811296534017972,0.2655648267008986
CCT,Entropy,ind_span,True,True,OoD Val,OoD Val,Unbiased,-1,0.2268041237113402,0.8060686015831134,0.5164363626472268
CCT,Entropy,ind_span,True,True,OoD Val,OoD Val,Class,-1,0.4418938307030129,0.810126582278481,0.6260102064907469
CCT,Entropy,ind_span,True,True,OoD Val,OoD Val,Temporal,-1,0.0,0.8089887640449438,0.4044943820224719
CCT,Entropy,ind_span,True,True,OoD Val,OoD Test,Unbiased,-1,0.17699115044247787,0.8247978436657681,0.500894497054123
CCT,Entropy,ind_span,True,True,OoD Val,OoD Test,Class,-1,0.43982808022922637,0.8152866242038217,0.6275573522165241
CCT,Entropy,ind_span,True,True,OoD Val,OoD Test,Temporal,-1,0.0,0.7881899871630296,0.3940949935815148
CCT,Entropy,ind_span,True,True,OoD Test,OoD Val,Unbiased,-1,0.2268041237113402,0.8060686015831134,0.5164363626472268
CCT,Entropy,ind_span,True,True,OoD Test,OoD Val,Class,-1,0.4418938307030129,0.810126582278481,0.6260102064907469
CCT,Entropy,ind_span,True,True,OoD Test,OoD Val,Temporal,-1,0.0,0.8089887640449438,0.4044943820224719
CCT,Entropy,ind_span,True,True,OoD Test,OoD Test,Unbiased,-1,0.17699115044247787,0.8247978436657681,0.500894497054123
CCT,Entropy,ind_span,True,True,OoD Test,OoD Test,Class,-1,0.43982808022922637,0.8152866242038217,0.6275573522165241
CCT,Entropy,ind_span,True,True,OoD Test,OoD Test,Temporal,-1,0.0,0.7881899871630296,0.3940949935815148
CCT,Entropy,logistic,True,True,OoD Val,OoD Val,Unbiased,-1,0.979381443298969,0.02506596306068598,0.5022237031798276
CCT,Entropy,logistic,True,True,OoD Val,OoD Val,Class,-1,0.9526542324246772,0.2088607594936709,0.580757495959174
CCT,Entropy,logistic,True,True,OoD Val,OoD Val,Temporal,-1,0.8703703703703703,0.012484394506866447,0.4414273824386184
CCT,Entropy,logistic,True,True,OoD Val,OoD Test,Unbiased,-1,0.9823008849557522,0.028301886792452824,0.5053013858741024
CCT,Entropy,logistic,True,True,OoD Val,OoD Test,Class,-1,0.9656160458452722,0.22292993630573243,0.5942729910755022
CCT,Entropy,logistic,True,True,OoD Val,OoD Test,Temporal,-1,0.7894736842105263,0.00898587933247752,0.3992297817715019
CCT,Entropy,logistic,True,True,OoD Test,OoD Val,Unbiased,-1,0.979381443298969,0.01846965699208447,0.49892555014552675
CCT,Entropy,logistic,True,True,OoD Test,OoD Val,Class,-1,0.9670014347202296,0.15189873417721522,0.5594500844487225
CCT,Entropy,logistic,True,True,OoD Test,OoD Val,Temporal,-1,0.9259259259259259,0.0074906367041198685,0.4667082813150229
CCT,Entropy,logistic,True,True,OoD Test,OoD Test,Unbiased,-1,0.9823008849557522,0.018867924528301883,0.500584404742027
CCT,Entropy,logistic,True,True,OoD Test,OoD Test,Class,-1,0.9742120343839542,0.15923566878980888,0.5667238515868815
CCT,Entropy,logistic,True,True,OoD Test,OoD Test,Temporal,-1,0.8289473684210527,0.005134788189987138,0.4170410783055199
CCT,Entropy,val_optimal,True,False,OoD Val,OoD Val,Unbiased,-1,0.7336884154460719,0.8653846153846154,0.7995365154153437
CCT,Entropy,val_optimal,True,False,OoD Val,OoD Val,Class,-1,0.6915351506456241,0.5822784810126582,0.6369068158291411
CCT,Entropy,val_optimal,True,False,OoD Val,OoD Val,Temporal,-1,0.16666666666666666,0.3208489388264669,0.24375780274656678
CCT,Entropy,val_optimal,True,False,OoD Val,OoD Test,Unbiased,-1,0.7433628318584071,0.362533692722372,0.5529482622903896
CCT,Entropy,val_optimal,True,False,OoD Val,OoD Test,Class,-1,0.7148997134670487,0.5796178343949044,0.6472587739309765
CCT,Entropy,val_optimal,True,False,OoD Val,OoD Test,Temporal,-1,0.23684210526315788,0.3119383825417201,0.274390243902439
CCT,Entropy,val_optimal,True,False,OoD Test,OoD Val,Unbiased,-1,0.7616511318242344,0.8557692307692308,0.8087101812967326
CCT,Entropy,val_optimal,True,False,OoD Test,OoD Val,Class,-1,0.7015781922525107,0.5822784810126582,0.6419283366325845
CCT,Entropy,val_optimal,True,False,OoD Test,OoD Val,Temporal,-1,0.16666666666666666,0.2983770287141073,0.23252184769038697
CCT,Entropy,val_optimal,True,False,OoD Test,OoD Test,Unbiased,-1,0.7787610619469026,0.34097035040431267,0.5598657061756076
CCT,Entropy,val_optimal,True,False,OoD Test,OoD Test,Class,-1,0.7206303724928367,0.5796178343949044,0.6501241034438705
CCT,Entropy,val_optimal,True,False,OoD Test,OoD Test,Temporal,-1,0.25,0.2811296534017972,0.2655648267008986
CCT,Entropy,ind_span,True,False,OoD Val,OoD Val,Unbiased,-1,0.22503328894806923,1.0,0.6125166444740346
CCT,Entropy,ind_span,True,False,OoD Val,OoD Val,Class,-1,0.4418938307030129,0.810126582278481,0.6260102064907469
CCT,Entropy,ind_span,True,False,OoD Val,OoD Val,Temporal,-1,0.0,0.8089887640449438,0.4044943820224719
CCT,Entropy,ind_span,True,False,OoD Val,OoD Test,Unbiased,-1,0.17699115044247787,0.8247978436657681,0.500894497054123
CCT,Entropy,ind_span,True,False,OoD Val,OoD Test,Class,-1,0.43982808022922637,0.8152866242038217,0.6275573522165241
CCT,Entropy,ind_span,True,False,OoD Val,OoD Test,Temporal,-1,0.0,0.7881899871630296,0.3940949935815148
CCT,Entropy,ind_span,True,False,OoD Test,OoD Val,Unbiased,-1,0.22503328894806923,1.0,0.6125166444740346
CCT,Entropy,ind_span,True,False,OoD Test,OoD Val,Class,-1,0.4418938307030129,0.810126582278481,0.6260102064907469
CCT,Entropy,ind_span,True,False,OoD Test,OoD Val,Temporal,-1,0.0,0.8089887640449438,0.4044943820224719
CCT,Entropy,ind_span,True,False,OoD Test,OoD Test,Unbiased,-1,0.17699115044247787,0.8247978436657681,0.500894497054123
CCT,Entropy,ind_span,True,False,OoD Test,OoD Test,Class,-1,0.43982808022922637,0.8152866242038217,0.6275573522165241
CCT,Entropy,ind_span,True,False,OoD Test,OoD Test,Temporal,-1,0.0,0.7881899871630296,0.3940949935815148
CCT,Entropy,logistic,True,False,OoD Val,OoD Val,Unbiased,-1,0.9826897470039947,0.07692307692307687,0.5298064119635357
CCT,Entropy,logistic,True,False,OoD Val,OoD Val,Class,-1,0.9526542324246772,0.2088607594936709,0.580757495959174
CCT,Entropy,logistic,True,False,OoD Val,OoD Val,Temporal,-1,0.8703703703703703,0.012484394506866447,0.4414273824386184
CCT,Entropy,logistic,True,False,OoD Val,OoD Test,Unbiased,-1,0.9823008849557522,0.028301886792452824,0.5053013858741024
CCT,Entropy,logistic,True,False,OoD Val,OoD Test,Class,-1,0.9656160458452722,0.22292993630573243,0.5942729910755022
CCT,Entropy,logistic,True,False,OoD Val,OoD Test,Temporal,-1,0.7894736842105263,0.00898587933247752,0.3992297817715019
CCT,Entropy,logistic,True,False,OoD Test,OoD Val,Unbiased,-1,0.9853528628495339,0.04807692307692313,0.5167148929632286
CCT,Entropy,logistic,True,False,OoD Test,OoD Val,Class,-1,0.9670014347202296,0.15189873417721522,0.5594500844487225
CCT,Entropy,logistic,True,False,OoD Test,OoD Val,Temporal,-1,0.9259259259259259,0.0074906367041198685,0.4667082813150229
CCT,Entropy,logistic,True,False,OoD Test,OoD Test,Unbiased,-1,0.9823008849557522,0.018867924528301883,0.500584404742027
CCT,Entropy,logistic,True,False,OoD Test,OoD Test,Class,-1,0.9742120343839542,0.15923566878980888,0.5667238515868815
CCT,Entropy,logistic,True,False,OoD Test,OoD Test,Temporal,-1,0.8289473684210527,0.005134788189987138,0.4170410783055199
CCT,Entropy,val_optimal,False,False,OoD Val,OoD Val,Unbiased,-1,0.7336884154460719,0.8653846153846154,0.7995365154153437
CCT,Entropy,val_optimal,False,False,OoD Val,OoD Val,Class,-1,0.6764314247669774,0.6153846153846154,0.6459080200757964
CCT,Entropy,val_optimal,False,False,OoD Val,OoD Val,Temporal,-1,0.7203728362183754,0.8846153846153846,0.80249411041688
CCT,Entropy,val_optimal,False,False,OoD Val,OoD Test,Unbiased,-1,0.7230359520639148,0.8653846153846154,0.794210283724265
CCT,Entropy,val_optimal,False,False,OoD Val,OoD Test,Class,-1,0.6990679094540613,0.6153846153846154,0.6572262624193383
CCT,Entropy,val_optimal,False,False,OoD Val,OoD Test,Temporal,-1,0.7217043941411452,0.8846153846153846,0.8031598893782649
CCT,Entropy,val_optimal,False,False,OoD Test,OoD Val,Unbiased,-1,0.7616511318242344,0.8557692307692308,0.8087101812967326
CCT,Entropy,val_optimal,False,False,OoD Test,OoD Val,Class,-1,0.6857523302263648,0.6153846153846154,0.6505684728054901
CCT,Entropy,val_optimal,False,False,OoD Test,OoD Val,Temporal,-1,0.7416777629826897,0.8653846153846154,0.8035311891836525
CCT,Entropy,val_optimal,False,False,OoD Test,OoD Test,Unbiased,-1,0.748335552596538,0.8557692307692308,0.8020523916828843
CCT,Entropy,val_optimal,False,False,OoD Test,OoD Test,Class,-1,0.7043941411451398,0.6153846153846154,0.6598893782648776
CCT,Entropy,val_optimal,False,False,OoD Test,OoD Test,Temporal,-1,0.7523302263648469,0.8653846153846154,0.8088574208747312
CCT,Entropy,ind_span,False,False,OoD Val,OoD Val,Unbiased,-1,0.22503328894806923,1.0,0.6125166444740346
CCT,Entropy,ind_span,False,False,OoD Val,OoD Val,Class,-1,0.4420772303595206,0.9423076923076923,0.6921924613336065
CCT,Entropy,ind_span,False,False,OoD Val,OoD Val,Temporal,-1,0.20239680426098536,0.9903846153846154,0.5963907098228004
CCT,Entropy,ind_span,False,False,OoD Val,OoD Test,Unbiased,-1,0.19973368841544606,1.0,0.5998668442077231
CCT,Entropy,ind_span,False,False,OoD Val,OoD Test,Class,-1,0.4394141145139814,0.9423076923076923,0.6908609034108368
CCT,Entropy,ind_span,False,False,OoD Val,OoD Test,Temporal,-1,0.21837549933422104,0.9903846153846154,0.6043800573594182
CCT,Entropy,ind_span,False,False,OoD Test,OoD Val,Unbiased,-1,0.22503328894806923,1.0,0.6125166444740346
CCT,Entropy,ind_span,False,False,OoD Test,OoD Val,Class,-1,0.4420772303595206,0.9423076923076923,0.6921924613336065
CCT,Entropy,ind_span,False,False,OoD Test,OoD Val,Temporal,-1,0.20239680426098536,0.9903846153846154,0.5963907098228004
CCT,Entropy,ind_span,False,False,OoD Test,OoD Test,Unbiased,-1,0.19973368841544606,1.0,0.5998668442077231
CCT,Entropy,ind_span,False,False,OoD Test,OoD Test,Class,-1,0.4394141145139814,0.9423076923076923,0.6908609034108368
CCT,Entropy,ind_span,False,False,OoD Test,OoD Test,Temporal,-1,0.21837549933422104,0.9903846153846154,0.6043800573594182
CCT,Entropy,logistic,False,False,OoD Val,OoD Val,Unbiased,-1,0.9826897470039947,0.07692307692307687,0.5298064119635357
CCT,Entropy,logistic,False,False,OoD Val,OoD Val,Class,-1,0.933422103861518,0.15384615384615385,0.543634128853836
CCT,Entropy,logistic,False,False,OoD Val,OoD Val,Temporal,-1,0.9866844207723036,0.06730769230769229,0.5269960565399979
CCT,Entropy,logistic,False,False,OoD Val,OoD Test,Unbiased,-1,0.9800266311584553,0.07692307692307687,0.5284748540407661
CCT,Entropy,logistic,False,False,OoD Val,OoD Test,Class,-1,0.9427430093209055,0.15384615384615385,0.5482945815835296
CCT,Entropy,logistic,False,False,OoD Val,OoD Test,Temporal,-1,0.9786950732356857,0.06730769230769229,0.5230013827716891
CCT,Entropy,logistic,False,False,OoD Test,OoD Val,Unbiased,-1,0.9853528628495339,0.04807692307692313,0.5167148929632286
CCT,Entropy,logistic,False,False,OoD Test,OoD Val,Class,-1,0.9494007989347537,0.08653846153846156,0.5179696302366077
CCT,Entropy,logistic,False,False,OoD Test,OoD Val,Temporal,-1,0.9920106524633822,0.038461538461538436,0.5152360954624603
CCT,Entropy,logistic,False,False,OoD Test,OoD Test,Unbiased,-1,0.9853528628495339,0.04807692307692313,0.5167148929632286
CCT,Entropy,logistic,False,False,OoD Test,OoD Test,Class,-1,0.9547270306258322,0.08653846153846156,0.5206327460821469
CCT,Entropy,logistic,False,False,OoD Test,OoD Test,Temporal,-1,0.9826897470039947,0.038461538461538436,0.5105756427327666
CCT,Energy,val_optimal,True,True,OoD Val,OoD Val,Unbiased,-1,0.9175257731958762,0.183377308707124,0.5504515409515001
CCT,Energy,val_optimal,True,True,OoD Val,OoD Val,Class,-1,0.836441893830703,0.7088607594936709,0.7726513266621869
CCT,Energy,val_optimal,True,True,OoD Val,OoD Val,Temporal,-1,0.8148148148148148,0.15480649188514362,0.4848106533499792
CCT,Energy,val_optimal,True,True,OoD Val,OoD Test,Unbiased,-1,0.9292035398230089,0.17924528301886788,0.5542244114209384
CCT,Energy,val_optimal,True,True,OoD Val,OoD Test,Class,-1,0.8624641833810889,0.6751592356687899,0.7688117095249394
CCT,Energy,val_optimal,True,True,OoD Val,OoD Test,Temporal,-1,0.881578947368421,0.1810012836970475,0.5312901155327343
CCT,Energy,val_optimal,True,True,OoD Test,OoD Val,Unbiased,-1,0.8865979381443299,0.18601583113456466,0.5363068846394472
CCT,Energy,val_optimal,True,True,OoD Test,OoD Val,Class,-1,0.8335724533715926,0.7278481012658228,0.7807102773187077
CCT,Energy,val_optimal,True,True,OoD Test,OoD Val,Temporal,-1,0.8148148148148148,0.15855181023720355,0.48668331252600916
CCT,Energy,val_optimal,True,True,OoD Test,OoD Test,Unbiased,-1,0.9292035398230089,0.18328840970350402,0.5562459747632564
CCT,Energy,val_optimal,True,True,OoD Test,OoD Test,Class,-1,0.8510028653295129,0.694267515923567,0.7726351906265398
CCT,Energy,val_optimal,True,True,OoD Test,OoD Test,Temporal,-1,0.881578947368421,0.18228498074454424,0.5319319640564826
CCT,Energy,ind_span,True,True,OoD Val,OoD Val,Unbiased,-1,0.5670103092783505,0.4379947229551451,0.5025025161167478
CCT,Energy,ind_span,True,True,OoD Val,OoD Val,Class,-1,0.599713055954089,0.740506329113924,0.6701096925340064
CCT,Energy,ind_span,True,True,OoD Val,OoD Val,Temporal,-1,0.5185185185185185,0.4469413233458177,0.4827299209321681
CCT,Energy,ind_span,True,True,OoD Val,OoD Test,Unbiased,-1,0.6460176991150443,0.4528301886792453,0.5494239438971448
CCT,Energy,ind_span,True,True,OoD Val,OoD Test,Class,-1,0.5802292263610315,0.7898089171974523,0.6850190717792419
CCT,Energy,ind_span,True,True,OoD Val,OoD Test,Temporal,-1,0.5394736842105263,0.44287548138639277,0.49117458279845955
CCT,Energy,ind_span,True,True,OoD Test,OoD Val,Unbiased,-1,0.5670103092783505,0.4379947229551451,0.5025025161167478
CCT,Energy,ind_span,True,True,OoD Test,OoD Val,Class,-1,0.599713055954089,0.740506329113924,0.6701096925340064
CCT,Energy,ind_span,True,True,OoD Test,OoD Val,Temporal,-1,0.5185185185185185,0.4469413233458177,0.4827299209321681
CCT,Energy,ind_span,True,True,OoD Test,OoD Test,Unbiased,-1,0.6460176991150443,0.4528301886792453,0.5494239438971448
CCT,Energy,ind_span,True,True,OoD Test,OoD Test,Class,-1,0.5802292263610315,0.7898089171974523,0.6850190717792419
CCT,Energy,ind_span,True,True,OoD Test,OoD Test,Temporal,-1,0.5394736842105263,0.44287548138639277,0.49117458279845955
CCT,Energy,logistic,True,True,OoD Val,OoD Val,Unbiased,-1,0.9690721649484536,0.1345646437994723,0.5518184043739629
CCT,Energy,logistic,True,True,OoD Val,OoD Val,Class,-1,0.93974175035868,0.5822784810126582,0.7610101156856691
CCT,Energy,logistic,True,True,OoD Val,OoD Val,Temporal,-1,1.0,0.11860174781523092,0.5593008739076155
CCT,Energy,logistic,True,True,OoD Val,OoD Test,Unbiased,-1,1.0,0.12938005390835583,0.5646900269541779
CCT,Energy,logistic,True,True,OoD Val,OoD Test,Class,-1,0.9598853868194842,0.5477707006369427,0.7538280437282134
CCT,Energy,logistic,True,True,OoD Val,OoD Test,Temporal,-1,0.9342105263157895,0.1258023106546855,0.5300064184852376
CCT,Energy,logistic,True,True,OoD Test,OoD Val,Unbiased,-1,0.9690721649484536,0.1424802110817942,0.555776188015124
CCT,Energy,logistic,True,True,OoD Test,OoD Val,Class,-1,0.9239598278335724,0.620253164556962,0.7721064961952673
CCT,Energy,logistic,True,True,OoD Test,OoD Val,Temporal,-1,0.9629629629629629,0.1260923845193508,0.5445276737411568
CCT,Energy,logistic,True,True,OoD Test,OoD Test,Unbiased,-1,0.9823008849557522,0.1361185983827493,0.5592097416692507
CCT,Energy,logistic,True,True,OoD Test,OoD Test,Class,-1,0.9512893982808023,0.5732484076433121,0.7622689029620572
CCT,Energy,logistic,True,True,OoD Test,OoD Test,Temporal,-1,0.9342105263157895,0.13992297817715016,0.5370667522464698
CCT,Energy,val_optimal,True,False,OoD Val,OoD Val,Unbiased,-1,0.9387483355525965,0.9711538461538461,0.9549510908532213
CCT,Energy,val_optimal,True,False,OoD Val,OoD Val,Class,-1,0.836441893830703,0.7088607594936709,0.7726513266621869
CCT,Energy,val_optimal,True,False,OoD Val,OoD Val,Temporal,-1,0.8148148148148148,0.15480649188514362,0.4848106533499792
CCT,Energy,val_optimal,True,False,OoD Val,OoD Test,Unbiased,-1,0.9292035398230089,0.17924528301886788,0.5542244114209384
CCT,Energy,val_optimal,True,False,OoD Val,OoD Test,Class,-1,0.8624641833810889,0.6751592356687899,0.7688117095249394
CCT,Energy,val_optimal,True,False,OoD Val,OoD Test,Temporal,-1,0.881578947368421,0.1810012836970475,0.5312901155327343
CCT,Energy,val_optimal,True,False,OoD Test,OoD Val,Unbiased,-1,0.9320905459387483,0.9711538461538461,0.9516221960462972
CCT,Energy,val_optimal,True,False,OoD Test,OoD Val,Class,-1,0.8335724533715926,0.7278481012658228,0.7807102773187077
CCT,Energy,val_optimal,True,False,OoD Test,OoD Val,Temporal,-1,0.8148148148148148,0.15855181023720355,0.48668331252600916
CCT,Energy,val_optimal,True,False,OoD Test,OoD Test,Unbiased,-1,0.9292035398230089,0.18328840970350402,0.5562459747632564
CCT,Energy,val_optimal,True,False,OoD Test,OoD Test,Class,-1,0.8510028653295129,0.694267515923567,0.7726351906265398
CCT,Energy,val_optimal,True,False,OoD Test,OoD Test,Temporal,-1,0.881578947368421,0.18228498074454424,0.5319319640564826
CCT,Energy,ind_span,True,False,OoD Val,OoD Val,Unbiased,-1,0.6351531291611185,0.9615384615384616,0.7983457953497901
CCT,Energy,ind_span,True,False,OoD Val,OoD Val,Class,-1,0.599713055954089,0.740506329113924,0.6701096925340064
CCT,Energy,ind_span,True,False,OoD Val,OoD Val,Temporal,-1,0.5185185185185185,0.4469413233458177,0.4827299209321681
CCT,Energy,ind_span,True,False,OoD Val,OoD Test,Unbiased,-1,0.6460176991150443,0.4528301886792453,0.5494239438971448
CCT,Energy,ind_span,True,False,OoD Val,OoD Test,Class,-1,0.5802292263610315,0.7898089171974523,0.6850190717792419
CCT,Energy,ind_span,True,False,OoD Val,OoD Test,Temporal,-1,0.5394736842105263,0.44287548138639277,0.49117458279845955
CCT,Energy,ind_span,True,False,OoD Test,OoD Val,Unbiased,-1,0.6351531291611185,0.9615384615384616,0.7983457953497901
CCT,Energy,ind_span,True,False,OoD Test,OoD Val,Class,-1,0.599713055954089,0.740506329113924,0.6701096925340064
CCT,Energy,ind_span,True,False,OoD Test,OoD Val,Temporal,-1,0.5185185185185185,0.4469413233458177,0.4827299209321681
CCT,Energy,ind_span,True,False,OoD Test,OoD Test,Unbiased,-1,0.6460176991150443,0.4528301886792453,0.5494239438971448
CCT,Energy,ind_span,True,False,OoD Test,OoD Test,Class,-1,0.5802292263610315,0.7898089171974523,0.6850190717792419
CCT,Energy,ind_span,True,False,OoD Test,OoD Test,Temporal,-1,0.5394736842105263,0.44287548138639277,0.49117458279845955
CCT,Energy,logistic,True,False,OoD Val,OoD Val,Unbiased,-1,0.9813581890812251,0.875,0.9281790945406125
CCT,Energy,logistic,True,False,OoD Val,OoD Val,Class,-1,0.93974175035868,0.5822784810126582,0.7610101156856691
CCT,Energy,logistic,True,False,OoD Val,OoD Val,Temporal,-1,1.0,0.11860174781523092,0.5593008739076155
CCT,Energy,logistic,True,False,OoD Val,OoD Test,Unbiased,-1,1.0,0.12938005390835583,0.5646900269541779
CCT,Energy,logistic,True,False,OoD Val,OoD Test,Class,-1,0.9598853868194842,0.5477707006369427,0.7538280437282134
CCT,Energy,logistic,True,False,OoD Val,OoD Test,Temporal,-1,0.9342105263157895,0.1258023106546855,0.5300064184852376
CCT,Energy,logistic,True,False,OoD Test,OoD Val,Unbiased,-1,0.9773635153129161,0.9038461538461539,0.940604834579535
CCT,Energy,logistic,True,False,OoD Test,OoD Val,Class,-1,0.9239598278335724,0.620253164556962,0.7721064961952673
CCT,Energy,logistic,True,False,OoD Test,OoD Val,Temporal,-1,0.9629629629629629,0.1260923845193508,0.5445276737411568
CCT,Energy,logistic,True,False,OoD Test,OoD Test,Unbiased,-1,0.9823008849557522,0.1361185983827493,0.5592097416692507
CCT,Energy,logistic,True,False,OoD Test,OoD Test,Class,-1,0.9512893982808023,0.5732484076433121,0.7622689029620572
CCT,Energy,logistic,True,False,OoD Test,OoD Test,Temporal,-1,0.9342105263157895,0.13992297817715016,0.5370667522464698
CCT,Energy,val_optimal,False,False,OoD Val,OoD Val,Unbiased,-1,0.9387483355525965,0.9711538461538461,0.9549510908532213
CCT,Energy,val_optimal,False,False,OoD Val,OoD Val,Class,-1,0.8162450066577897,0.8461538461538461,0.8311994264058179
CCT,Energy,val_optimal,False,False,OoD Val,OoD Val,Temporal,-1,0.9547270306258322,0.9615384615384616,0.9581327460821469
CCT,Energy,val_optimal,False,False,OoD Val,OoD Test,Unbiased,-1,0.9467376830892144,0.9711538461538461,0.9589457646215302
CCT,Energy,val_optimal,False,False,OoD Val,OoD Test,Class,-1,0.848202396804261,0.8461538461538461,0.8471781214790536
CCT,Energy,val_optimal,False,False,OoD Val,OoD Test,Temporal,-1,0.933422103861518,0.9615384615384616,0.9474802826999897
CCT,Energy,val_optimal,False,False,OoD Test,OoD Val,Unbiased,-1,0.9320905459387483,0.9711538461538461,0.9516221960462972
CCT,Energy,val_optimal,False,False,OoD Test,OoD Val,Class,-1,0.8122503328894807,0.8653846153846154,0.838817474137048
CCT,Energy,val_optimal,False,False,OoD Test,OoD Val,Temporal,-1,0.9507323568575233,0.9615384615384616,0.9561354091979924
CCT,Energy,val_optimal,False,False,OoD Test,OoD Test,Unbiased,-1,0.9427430093209055,0.9711538461538461,0.9569484277373759
CCT,Energy,val_optimal,False,False,OoD Test,OoD Test,Class,-1,0.8362183754993342,0.8653846153846154,0.8508014954419748
CCT,Energy,val_optimal,False,False,OoD Test,OoD Test,Temporal,-1,0.9320905459387483,0.9615384615384616,0.9468145037386049
CCT,Energy,ind_span,False,False,OoD Val,OoD Val,Unbiased,-1,0.6351531291611185,0.9615384615384616,0.7983457953497901
CCT,Energy,ind_span,False,False,OoD Val,OoD Val,Class,-1,0.5845539280958721,0.8076923076923077,0.6961231178940899
CCT,Energy,ind_span,False,False,OoD Val,OoD Val,Temporal,-1,0.6178428761651131,0.9326923076923077,0.7752675919287104
CCT,Energy,ind_span,False,False,OoD Val,OoD Test,Unbiased,-1,0.6324900133155792,0.9615384615384616,0.7970142374270204
CCT,Energy,ind_span,False,False,OoD Val,OoD Test,Class,-1,0.5565912117177098,0.8076923076923077,0.6821417597050088
CCT,Energy,ind_span,False,False,OoD Val,OoD Test,Temporal,-1,0.6231691078561917,0.9326923076923077,0.7779307077742497
CCT,Energy,ind_span,False,False,OoD Test,OoD Val,Unbiased,-1,0.6351531291611185,0.9615384615384616,0.7983457953497901
CCT,Energy,ind_span,False,False,OoD Test,OoD Val,Class,-1,0.5845539280958721,0.8076923076923077,0.6961231178940899
CCT,Energy,ind_span,False,False,OoD Test,OoD Val,Temporal,-1,0.6178428761651131,0.9326923076923077,0.7752675919287104
CCT,Energy,ind_span,False,False,OoD Test,OoD Test,Unbiased,-1,0.6324900133155792,0.9615384615384616,0.7970142374270204
CCT,Energy,ind_span,False,False,OoD Test,OoD Test,Class,-1,0.5565912117177098,0.8076923076923077,0.6821417597050088
CCT,Energy,ind_span,False,False,OoD Test,OoD Test,Temporal,-1,0.6231691078561917,0.9326923076923077,0.7779307077742497
CCT,Energy,logistic,False,False,OoD Val,OoD Val,Unbiased,-1,0.9813581890812251,0.875,0.9281790945406125
CCT,Energy,logistic,False,False,OoD Val,OoD Val,Class,-1,0.9227696404793608,0.7307692307692308,0.8267694356242958
CCT,Energy,logistic,False,False,OoD Val,OoD Val,Temporal,-1,0.9946737683089214,0.875,0.9348368841544608
CCT,Energy,logistic,False,False,OoD Val,OoD Test,Unbiased,-1,0.9933422103861518,0.875,0.9341711051930759
CCT,Energy,logistic,False,False,OoD Val,OoD Test,Class,-1,0.9494007989347537,0.7307692307692308,0.8400850148519923
CCT,Energy,logistic,False,False,OoD Val,OoD Test,Temporal,-1,0.9840213049267643,0.875,0.9295106524633822
CCT,Energy,logistic,False,False,OoD Test,OoD Val,Unbiased,-1,0.9773635153129161,0.9038461538461539,0.940604834579535
CCT,Energy,logistic,False,False,OoD Test,OoD Val,Class,-1,0.9041278295605859,0.7596153846153846,0.8318716070879852
CCT,Energy,logistic,False,False,OoD Test,OoD Val,Temporal,-1,0.9920106524633822,0.9326923076923077,0.962351480077845
CCT,Energy,logistic,False,False,OoD Test,OoD Test,Unbiased,-1,0.9880159786950732,0.9038461538461539,0.9459310662706135
CCT,Energy,logistic,False,False,OoD Test,OoD Test,Class,-1,0.9400798934753661,0.7596153846153846,0.8498476390453753
CCT,Energy,logistic,False,False,OoD Test,OoD Test,Temporal,-1,0.9773635153129161,0.9326923076923077,0.9550279115026119
CCT,Softmax,val_optimal,True,True,OoD Val,OoD Val,Unbiased,-1,0.9484536082474226,0.1662269129287599,0.5573402605880913
CCT,Softmax,val_optimal,True,True,OoD Val,OoD Val,Class,-1,0.9196556671449068,0.6962025316455696,0.8079290993952382
CCT,Softmax,val_optimal,True,True,OoD Val,OoD Val,Temporal,-1,0.8703703703703703,0.15605493133583026,0.5132126508531003
CCT,Softmax,val_optimal,True,True,OoD Val,OoD Test,Unbiased,-1,0.9646017699115044,0.15229110512129385,0.5584464375163991
CCT,Softmax,val_optimal,True,True,OoD Val,OoD Test,Class,-1,0.9212034383954155,0.6751592356687899,0.7981813370321027
CCT,Softmax,val_optimal,True,True,OoD Val,OoD Test,Temporal,-1,0.9210526315789473,0.14890885750962768,0.5349807445442876
CCT,Softmax,val_optimal,True,True,OoD Test,OoD Val,Unbiased,-1,0.8350515463917526,0.2862796833773087,0.5606656148845306
CCT,Softmax,val_optimal,True,True,OoD Test,OoD Val,Class,-1,0.806312769010043,0.7531645569620253,0.7797386629860341
CCT,Softmax,val_optimal,True,True,OoD Test,OoD Val,Temporal,-1,0.7592592592592593,0.26841448189762795,0.5138368705784436
CCT,Softmax,val_optimal,True,True,OoD Test,OoD Test,Unbiased,-1,0.8761061946902655,0.26010781671159033,0.5681070057009279
CCT,Softmax,val_optimal,True,True,OoD Test,OoD Test,Class,-1,0.835243553008596,0.7388535031847134,0.7870485280966547
CCT,Softmax,val_optimal,True,True,OoD Test,OoD Test,Temporal,-1,0.7631578947368421,0.24390243902439024,0.5035301668806162
CCT,Softmax,ind_span,True,True,OoD Val,OoD Val,Unbiased,-1,0.5463917525773195,0.49472295514511877,0.5205573538612192
CCT,Softmax,ind_span,True,True,OoD Val,OoD Val,Class,-1,0.6025824964131994,0.8037974683544304,0.7031899823838149
CCT,Softmax,ind_span,True,True,OoD Val,OoD Val,Temporal,-1,0.5,0.4993757802746567,0.49968789013732834
CCT,Softmax,ind_span,True,True,OoD Val,OoD Test,Unbiased,-1,0.6991150442477876,0.49056603773584906,0.5948405409918183
CCT,Softmax,ind_span,True,True,OoD Val,OoD Test,Class,-1,0.6346704871060171,0.7834394904458599,0.7090549887759385
CCT,Softmax,ind_span,True,True,OoD Val,OoD Test,Temporal,-1,0.4473684210526316,0.46598202824133506,0.4566752246469833
CCT,Softmax,ind_span,True,True,OoD Test,OoD Val,Unbiased,-1,0.5463917525773195,0.49472295514511877,0.5205573538612192
CCT,Softmax,ind_span,True,True,OoD Test,OoD Val,Class,-1,0.6025824964131994,0.8037974683544304,0.7031899823838149
CCT,Softmax,ind_span,True,True,OoD Test,OoD Val,Temporal,-1,0.5,0.4993757802746567,0.49968789013732834
CCT,Softmax,ind_span,True,True,OoD Test,OoD Test,Unbiased,-1,0.6991150442477876,0.49056603773584906,0.5948405409918183
CCT,Softmax,ind_span,True,True,OoD Test,OoD Test,Class,-1,0.6346704871060171,0.7834394904458599,0.7090549887759385
CCT,Softmax,ind_span,True,True,OoD Test,OoD Test,Temporal,-1,0.4473684210526316,0.46598202824133506,0.4566752246469833
CCT,Softmax,logistic,True,True,OoD Val,OoD Val,Unbiased,-1,1.0,0.0,0.5
CCT,Softmax,logistic,True,True,OoD Val,OoD Val,Class,-1,1.0,0.0,0.5
CCT,Softmax,logistic,True,True,OoD Val,OoD Val,Temporal,-1,1.0,0.0,0.5
CCT,Softmax,logistic,True,True,OoD Val,OoD Test,Unbiased,-1,1.0,0.0,0.5
CCT,Softmax,logistic,True,True,OoD Val,OoD Test,Class,-1,1.0,0.0,0.5
CCT,Softmax,logistic,True,True,OoD Val,OoD Test,Temporal,-1,1.0,0.0,0.5
CCT,Softmax,logistic,True,True,OoD Test,OoD Val,Unbiased,-1,1.0,0.0,0.5
CCT,Softmax,logistic,True,True,OoD Test,OoD Val,Class,-1,1.0,0.0,0.5
CCT,Softmax,logistic,True,True,OoD Test,OoD Val,Temporal,-1,1.0,0.0,0.5
CCT,Softmax,logistic,True,True,OoD Test,OoD Test,Unbiased,-1,1.0,0.0,0.5
CCT,Softmax,logistic,True,True,OoD Test,OoD Test,Class,-1,1.0,0.0,0.5
CCT,Softmax,logistic,True,True,OoD Test,OoD Test,Temporal,-1,1.0,0.0,0.5
CCT,Softmax,val_optimal,True,False,OoD Val,OoD Val,Unbiased,-1,0.9400798934753661,0.8269230769230769,0.8835014851992216
CCT,Softmax,val_optimal,True,False,OoD Val,OoD Val,Class,-1,0.9196556671449068,0.6962025316455696,0.8079290993952382
CCT,Softmax,val_optimal,True,False,OoD Val,OoD Val,Temporal,-1,0.8703703703703703,0.15605493133583026,0.5132126508531003
CCT,Softmax,val_optimal,True,False,OoD Val,OoD Test,Unbiased,-1,0.9646017699115044,0.15229110512129385,0.5584464375163991
CCT,Softmax,val_optimal,True,False,OoD Val,OoD Test,Class,-1,0.9212034383954155,0.6751592356687899,0.7981813370321027
CCT,Softmax,val_optimal,True,False,OoD Val,OoD Test,Temporal,-1,0.9210526315789473,0.14890885750962768,0.5349807445442876
CCT,Softmax,val_optimal,True,False,OoD Test,OoD Val,Unbiased,-1,0.8202396804260985,0.9423076923076923,0.8812736863668954
CCT,Softmax,val_optimal,True,False,OoD Test,OoD Val,Class,-1,0.806312769010043,0.7531645569620253,0.7797386629860341
CCT,Softmax,val_optimal,True,False,OoD Test,OoD Val,Temporal,-1,0.7592592592592593,0.26841448189762795,0.5138368705784436
CCT,Softmax,val_optimal,True,False,OoD Test,OoD Test,Unbiased,-1,0.8761061946902655,0.26010781671159033,0.5681070057009279
CCT,Softmax,val_optimal,True,False,OoD Test,OoD Test,Class,-1,0.835243553008596,0.7388535031847134,0.7870485280966547
CCT,Softmax,val_optimal,True,False,OoD Test,OoD Test,Temporal,-1,0.7631578947368421,0.24390243902439024,0.5035301668806162
CCT,Softmax,ind_span,True,False,OoD Val,OoD Val,Unbiased,-1,0.5778961384820239,0.9807692307692307,0.7793326846256273
CCT,Softmax,ind_span,True,False,OoD Val,OoD Val,Class,-1,0.6025824964131994,0.8037974683544304,0.7031899823838149
CCT,Softmax,ind_span,True,False,OoD Val,OoD Val,Temporal,-1,0.5,0.4993757802746567,0.49968789013732834
CCT,Softmax,ind_span,True,False,OoD Val,OoD Test,Unbiased,-1,0.6991150442477876,0.49056603773584906,0.5948405409918183
CCT,Softmax,ind_span,True,False,OoD Val,OoD Test,Class,-1,0.6346704871060171,0.7834394904458599,0.7090549887759385
CCT,Softmax,ind_span,True,False,OoD Val,OoD Test,Temporal,-1,0.4473684210526316,0.46598202824133506,0.4566752246469833
CCT,Softmax,ind_span,True,False,OoD Test,OoD Val,Unbiased,-1,0.5778961384820239,0.9807692307692307,0.7793326846256273
CCT,Softmax,ind_span,True,False,OoD Test,OoD Val,Class,-1,0.6025824964131994,0.8037974683544304,0.7031899823838149
CCT,Softmax,ind_span,True,False,OoD Test,OoD Val,Temporal,-1,0.5,0.4993757802746567,0.49968789013732834
CCT,Softmax,ind_span,True,False,OoD Test,OoD Test,Unbiased,-1,0.6991150442477876,0.49056603773584906,0.5948405409918183
CCT,Softmax,ind_span,True,False,OoD Test,OoD Test,Class,-1,0.6346704871060171,0.7834394904458599,0.7090549887759385
CCT,Softmax,ind_span,True,False,OoD Test,OoD Test,Temporal,-1,0.4473684210526316,0.46598202824133506,0.4566752246469833
CCT,Softmax,logistic,True,False,OoD Val,OoD Val,Unbiased,-1,1.0,0.0,0.5
CCT,Softmax,logistic,True,False,OoD Val,OoD Val,Class,-1,1.0,0.0,0.5
CCT,Softmax,logistic,True,False,OoD Val,OoD Val,Temporal,-1,1.0,0.0,0.5
CCT,Softmax,logistic,True,False,OoD Val,OoD Test,Unbiased,-1,1.0,0.0,0.5
CCT,Softmax,logistic,True,False,OoD Val,OoD Test,Class,-1,1.0,0.0,0.5
CCT,Softmax,logistic,True,False,OoD Val,OoD Test,Temporal,-1,1.0,0.0,0.5
CCT,Softmax,logistic,True,False,OoD Test,OoD Val,Unbiased,-1,1.0,0.0,0.5
CCT,Softmax,logistic,True,False,OoD Test,OoD Val,Class,-1,1.0,0.0,0.5
CCT,Softmax,logistic,True,False,OoD Test,OoD Val,Temporal,-1,1.0,0.0,0.5
CCT,Softmax,logistic,True,False,OoD Test,OoD Test,Unbiased,-1,1.0,0.0,0.5
CCT,Softmax,logistic,True,False,OoD Test,OoD Test,Class,-1,1.0,0.0,0.5
CCT,Softmax,logistic,True,False,OoD Test,OoD Test,Temporal,-1,1.0,0.0,0.5
CCT,Softmax,val_optimal,False,False,OoD Val,OoD Val,Unbiased,-1,0.9400798934753661,0.8269230769230769,0.8835014851992216
CCT,Softmax,val_optimal,False,False,OoD Val,OoD Val,Class,-1,0.8948069241011984,0.8365384615384616,0.86567269281983
CCT,Softmax,val_optimal,False,False,OoD Val,OoD Val,Temporal,-1,0.9467376830892144,0.8846153846153846,0.9156765338522994
CCT,Softmax,val_optimal,False,False,OoD Val,OoD Test,Unbiased,-1,0.9587217043941412,0.8269230769230769,0.892822390658609
CCT,Softmax,val_optimal,False,False,OoD Val,OoD Test,Class,-1,0.9014647137150466,0.8365384615384616,0.8690015876267541
CCT,Softmax,val_optimal,False,False,OoD Val,OoD Test,Temporal,-1,0.9600532623169108,0.8846153846153846,0.9223343234661476
CCT,Softmax,val_optimal,False,False,OoD Test,OoD Val,Unbiased,-1,0.8202396804260985,0.9423076923076923,0.8812736863668954
CCT,Softmax,val_optimal,False,False,OoD Test,OoD Val,Class,-1,0.7856191744340879,0.8942307692307693,0.8399249718324286
CCT,Softmax,val_optimal,False,False,OoD Test,OoD Val,Temporal,-1,0.829560585885486,0.9615384615384616,0.8955495237119737
CCT,Softmax,val_optimal,False,False,OoD Test,OoD Test,Unbiased,-1,0.8548601864181092,0.9423076923076923,0.8985839393629007
CCT,Softmax,val_optimal,False,False,OoD Test,OoD Test,Class,-1,0.8162450066577897,0.8942307692307693,0.8552378879442795
CCT,Softmax,val_optimal,False,False,OoD Test,OoD Test,Temporal,-1,0.8561917443408789,0.9615384615384616,0.9088651029396702
CCT,Softmax,ind_span,False,False,OoD Val,OoD Val,Unbiased,-1,0.5778961384820239,0.9807692307692307,0.7793326846256273
CCT,Softmax,ind_span,False,False,OoD Val,OoD Val,Class,-1,0.5885486018641811,0.9134615384615384,0.7510050701628598
CCT,Softmax,ind_span,False,False,OoD Val,OoD Val,Temporal,-1,0.5685752330226365,0.9903846153846154,0.7794799242036259
CCT,Softmax,ind_span,False,False,OoD Val,OoD Test,Unbiased,-1,0.6058588548601864,0.9807692307692307,0.7933140428147085
CCT,Softmax,ind_span,False,False,OoD Val,OoD Test,Class,-1,0.6231691078561917,0.9134615384615384,0.7683153231588651
CCT,Softmax,ind_span,False,False,OoD Val,OoD Test,Temporal,-1,0.5978695073235686,0.9903846153846154,0.7941270613540921
CCT,Softmax,ind_span,False,False,OoD Test,OoD Val,Unbiased,-1,0.5778961384820239,0.9807692307692307,0.7793326846256273
CCT,Softmax,ind_span,False,False,OoD Test,OoD Val,Class,-1,0.5885486018641811,0.9134615384615384,0.7510050701628598
CCT,Softmax,ind_span,False,False,OoD Test,OoD Val,Temporal,-1,0.5685752330226365,0.9903846153846154,0.7794799242036259
CCT,Softmax,ind_span,False,False,OoD Test,OoD Test,Unbiased,-1,0.6058588548601864,0.9807692307692307,0.7933140428147085
CCT,Softmax,ind_span,False,False,OoD Test,OoD Test,Class,-1,0.6231691078561917,0.9134615384615384,0.7683153231588651
CCT,Softmax,ind_span,False,False,OoD Test,OoD Test,Temporal,-1,0.5978695073235686,0.9903846153846154,0.7941270613540921
CCT,Softmax,logistic,False,False,OoD Val,OoD Val,Unbiased,-1,1.0,0.0,0.5
CCT,Softmax,logistic,False,False,OoD Val,OoD Val,Class,-1,1.0,0.0,0.5
CCT,Softmax,logistic,False,False,OoD Val,OoD Val,Temporal,-1,1.0,0.0,0.5
CCT,Softmax,logistic,False,False,OoD Val,OoD Test,Unbiased,-1,1.0,0.0,0.5
CCT,Softmax,logistic,False,False,OoD Val,OoD Test,Class,-1,1.0,0.0,0.5
CCT,Softmax,logistic,False,False,OoD Val,OoD Test,Temporal,-1,1.0,0.0,0.5
CCT,Softmax,logistic,False,False,OoD Test,OoD Val,Unbiased,-1,1.0,0.0,0.5
CCT,Softmax,logistic,False,False,OoD Test,OoD Val,Class,-1,1.0,0.0,0.5
CCT,Softmax,logistic,False,False,OoD Test,OoD Val,Temporal,-1,1.0,0.0,0.5
CCT,Softmax,logistic,False,False,OoD Test,OoD Test,Unbiased,-1,1.0,0.0,0.5
CCT,Softmax,logistic,False,False,OoD Test,OoD Test,Class,-1,1.0,0.0,0.5
CCT,Softmax,logistic,False,False,OoD Test,OoD Test,Temporal,-1,1.0,0.0,0.5
CCT,rabanser,val_optimal,True,True,OoD Val,OoD Val,Unbiased,0,0.734375,0.4291609353507565,0.5817679676753782
CCT,rabanser,val_optimal,True,True,OoD Val,OoD Val,Class,0,0.9353448275862069,0.037735849056603765,0.4865403383214053
CCT,rabanser,val_optimal,True,True,OoD Val,OoD Val,Synthetic,0,1.0,0.0,0.5
CCT,rabanser,val_optimal,True,True,OoD Val,OoD Val,Temporal,0,0.6037735849056604,0.42269326683291775,0.513233425869289
CCT,rabanser,val_optimal,True,True,OoD Val,OoD Test,Unbiased,0,0.7707006369426752,0.3868194842406877,0.5787600605916814
CCT,rabanser,val_optimal,True,True,OoD Val,OoD Test,Class,0,0.9170243204577968,0.038461538461538436,0.4777429294596676
CCT,rabanser,val_optimal,True,True,OoD Val,OoD Test,Synthetic,0,1.0,0.0,0.5
CCT,rabanser,val_optimal,True,True,OoD Val,OoD Test,Temporal,0,0.6973684210526315,0.3876765083440308,0.5425224646983311
CCT,rabanser,val_optimal,True,True,OoD Test,OoD Val,Unbiased,0,0.734375,0.4291609353507565,0.5817679676753782
CCT,rabanser,val_optimal,True,True,OoD Test,OoD Val,Class,0,0.9353448275862069,0.037735849056603765,0.4865403383214053
CCT,rabanser,val_optimal,True,True,OoD Test,OoD Val,Synthetic,0,1.0,0.0,0.5
CCT,rabanser,val_optimal,True,True,OoD Test,OoD Val,Temporal,0,0.6037735849056604,0.42269326683291775,0.513233425869289
CCT,rabanser,val_optimal,True,True,OoD Test,OoD Test,Unbiased,0,0.7707006369426752,0.3868194842406877,0.5787600605916814
CCT,rabanser,val_optimal,True,True,OoD Test,OoD Test,Class,0,0.9170243204577968,0.038461538461538436,0.4777429294596676
CCT,rabanser,val_optimal,True,True,OoD Test,OoD Test,Synthetic,0,1.0,0.0,0.5
CCT,rabanser,val_optimal,True,True,OoD Test,OoD Test,Temporal,0,0.6973684210526315,0.3876765083440308,0.5425224646983311
CCT,rabanser,ind_span,True,True,OoD Val,OoD Val,Unbiased,0,0.21875,0.859697386519945,0.5392236932599725
CCT,rabanser,ind_span,True,True,OoD Val,OoD Val,Class,0,0.6594827586206896,0.25786163522012584,0.4586721969204077
CCT,rabanser,ind_span,True,True,OoD Val,OoD Val,Synthetic,0,1.0,0.0012722646310432406,0.5006361323155216
CCT,rabanser,ind_span,True,True,OoD Val,OoD Val,Temporal,0,0.09433962264150944,0.8603491271820449,0.47734437491177717
CCT,rabanser,ind_span,True,True,OoD Val,OoD Test,Unbiased,0,0.2229299363057325,0.8209169054441261,0.5219234208749293
CCT,rabanser,ind_span,True,True,OoD Val,OoD Test,Class,0,0.6652360515021459,0.2564102564102564,0.46082315395620116
CCT,rabanser,ind_span,True,True,OoD Val,OoD Test,Synthetic,0,1.0,0.0012886597938144284,0.5006443298969072
CCT,rabanser,ind_span,True,True,OoD Val,OoD Test,Temporal,0,0.14473684210526316,0.8125802310654686,0.4786585365853659
CCT,rabanser,ind_span,True,True,OoD Test,OoD Val,Unbiased,0,0.21875,0.859697386519945,0.5392236932599725
CCT,rabanser,ind_span,True,True,OoD Test,OoD Val,Class,0,0.6594827586206896,0.25786163522012584,0.4586721969204077
CCT,rabanser,ind_span,True,True,OoD Test,OoD Val,Synthetic,0,1.0,0.0012722646310432406,0.5006361323155216
CCT,rabanser,ind_span,True,True,OoD Test,OoD Val,Temporal,0,0.09433962264150944,0.8603491271820449,0.47734437491177717
CCT,rabanser,ind_span,True,True,OoD Test,OoD Test,Unbiased,0,0.2229299363057325,0.8209169054441261,0.5219234208749293
CCT,rabanser,ind_span,True,True,OoD Test,OoD Test,Class,0,0.6652360515021459,0.2564102564102564,0.46082315395620116
CCT,rabanser,ind_span,True,True,OoD Test,OoD Test,Synthetic,0,1.0,0.0012886597938144284,0.5006443298969072
CCT,rabanser,ind_span,True,True,OoD Test,OoD Test,Temporal,0,0.14473684210526316,0.8125802310654686,0.4786585365853659
CCT,rabanser,logistic,True,True,OoD Val,OoD Val,Unbiased,0,1.0,0.0,0.5
CCT,rabanser,logistic,True,True,OoD Val,OoD Val,Class,0,1.0,0.0,0.5
CCT,rabanser,logistic,True,True,OoD Val,OoD Val,Synthetic,0,1.0,0.0,0.5
CCT,rabanser,logistic,True,True,OoD Val,OoD Val,Temporal,0,1.0,0.0,0.5
CCT,rabanser,logistic,True,True,OoD Val,OoD Test,Unbiased,0,1.0,0.0,0.5
CCT,rabanser,logistic,True,True,OoD Val,OoD Test,Class,0,1.0,0.0,0.5
CCT,rabanser,logistic,True,True,OoD Val,OoD Test,Synthetic,0,1.0,0.0,0.5
CCT,rabanser,logistic,True,True,OoD Val,OoD Test,Temporal,0,1.0,0.0,0.5
CCT,rabanser,logistic,True,True,OoD Test,OoD Val,Unbiased,0,1.0,0.0,0.5
CCT,rabanser,logistic,True,True,OoD Test,OoD Val,Class,0,1.0,0.0,0.5
CCT,rabanser,logistic,True,True,OoD Test,OoD Val,Synthetic,0,1.0,0.0,0.5
CCT,rabanser,logistic,True,True,OoD Test,OoD Val,Temporal,0,1.0,0.0,0.5
CCT,rabanser,logistic,True,True,OoD Test,OoD Test,Unbiased,0,1.0,0.0,0.5
CCT,rabanser,logistic,True,True,OoD Test,OoD Test,Class,0,1.0,0.0,0.5
CCT,rabanser,logistic,True,True,OoD Test,OoD Test,Synthetic,0,1.0,0.0,0.5
CCT,rabanser,logistic,True,True,OoD Test,OoD Test,Temporal,0,1.0,0.0,0.5
CCT,rabanser,val_optimal,True,False,OoD Val,OoD Val,Unbiased,0,0.6524633821571239,0.8173076923076923,0.7348855372324081
CCT,rabanser,val_optimal,True,False,OoD Val,OoD Val,Class,0,0.9353448275862069,0.037735849056603765,0.4865403383214053
CCT,rabanser,val_optimal,True,False,OoD Val,OoD Val,Synthetic,0,1.0,0.0,0.5
CCT,rabanser,val_optimal,True,False,OoD Val,OoD Val,Temporal,0,0.6037735849056604,0.42269326683291775,0.513233425869289
CCT,rabanser,val_optimal,True,False,OoD Val,OoD Test,Unbiased,0,0.7707006369426752,0.3868194842406877,0.5787600605916814
CCT,rabanser,val_optimal,True,False,OoD Val,OoD Test,Class,0,0.9170243204577968,0.038461538461538436,0.4777429294596676
CCT,rabanser,val_optimal,True,False,OoD Val,OoD Test,Synthetic,0,1.0,0.0,0.5
CCT,rabanser,val_optimal,True,False,OoD Val,OoD Test,Temporal,0,0.6973684210526315,0.3876765083440308,0.5425224646983311
CCT,rabanser,val_optimal,True,False,OoD Test,OoD Val,Unbiased,0,0.6524633821571239,0.8173076923076923,0.7348855372324081
CCT,rabanser,val_optimal,True,False,OoD Test,OoD Val,Class,0,0.9353448275862069,0.037735849056603765,0.4865403383214053
CCT,rabanser,val_optimal,True,False,OoD Test,OoD Val,Synthetic,0,1.0,0.0,0.5
CCT,rabanser,val_optimal,True,False,OoD Test,OoD Val,Temporal,0,0.6037735849056604,0.42269326683291775,0.513233425869289
CCT,rabanser,val_optimal,True,False,OoD Test,OoD Test,Unbiased,0,0.7707006369426752,0.3868194842406877,0.5787600605916814
CCT,rabanser,val_optimal,True,False,OoD Test,OoD Test,Class,0,0.9170243204577968,0.038461538461538436,0.4777429294596676
CCT,rabanser,val_optimal,True,False,OoD Test,OoD Test,Synthetic,0,1.0,0.0,0.5
CCT,rabanser,val_optimal,True,False,OoD Test,OoD Test,Temporal,0,0.6973684210526315,0.3876765083440308,0.5425224646983311
CCT,rabanser,ind_span,True,False,OoD Val,OoD Val,Unbiased,0,0.16644474034620507,0.9519230769230769,0.559183908634641
CCT,rabanser,ind_span,True,False,OoD Val,OoD Val,Class,0,0.6594827586206896,0.25786163522012584,0.4586721969204077
CCT,rabanser,ind_span,True,False,OoD Val,OoD Val,Synthetic,0,1.0,0.0012722646310432406,0.5006361323155216
CCT,rabanser,ind_span,True,False,OoD Val,OoD Val,Temporal,0,0.09433962264150944,0.8603491271820449,0.47734437491177717
CCT,rabanser,ind_span,True,False,OoD Val,OoD Test,Unbiased,0,0.2229299363057325,0.8209169054441261,0.5219234208749293
CCT,rabanser,ind_span,True,False,OoD Val,OoD Test,Class,0,0.6652360515021459,0.2564102564102564,0.46082315395620116
CCT,rabanser,ind_span,True,False,OoD Val,OoD Test,Synthetic,0,1.0,0.0012886597938144284,0.5006443298969072
CCT,rabanser,ind_span,True,False,OoD Val,OoD Test,Temporal,0,0.14473684210526316,0.8125802310654686,0.4786585365853659
CCT,rabanser,ind_span,True,False,OoD Test,OoD Val,Unbiased,0,0.16644474034620507,0.9519230769230769,0.559183908634641
CCT,rabanser,ind_span,True,False,OoD Test,OoD Val,Class,0,0.6594827586206896,0.25786163522012584,0.4586721969204077
CCT,rabanser,ind_span,True,False,OoD Test,OoD Val,Synthetic,0,1.0,0.0012722646310432406,0.5006361323155216
CCT,rabanser,ind_span,True,False,OoD Test,OoD Val,Temporal,0,0.09433962264150944,0.8603491271820449,0.47734437491177717
CCT,rabanser,ind_span,True,False,OoD Test,OoD Test,Unbiased,0,0.2229299363057325,0.8209169054441261,0.5219234208749293
CCT,rabanser,ind_span,True,False,OoD Test,OoD Test,Class,0,0.6652360515021459,0.2564102564102564,0.46082315395620116
CCT,rabanser,ind_span,True,False,OoD Test,OoD Test,Synthetic,0,1.0,0.0012886597938144284,0.5006443298969072
CCT,rabanser,ind_span,True,False,OoD Test,OoD Test,Temporal,0,0.14473684210526316,0.8125802310654686,0.4786585365853659
CCT,rabanser,logistic,True,False,OoD Val,OoD Val,Unbiased,0,1.0,0.0,0.5
CCT,rabanser,logistic,True,False,OoD Val,OoD Val,Class,0,1.0,0.0,0.5
CCT,rabanser,logistic,True,False,OoD Val,OoD Val,Synthetic,0,1.0,0.0,0.5
CCT,rabanser,logistic,True,False,OoD Val,OoD Val,Temporal,0,1.0,0.0,0.5
CCT,rabanser,logistic,True,False,OoD Val,OoD Test,Unbiased,0,1.0,0.0,0.5
CCT,rabanser,logistic,True,False,OoD Val,OoD Test,Class,0,1.0,0.0,0.5
CCT,rabanser,logistic,True,False,OoD Val,OoD Test,Synthetic,0,1.0,0.0,0.5
CCT,rabanser,logistic,True,False,OoD Val,OoD Test,Temporal,0,1.0,0.0,0.5
CCT,rabanser,logistic,True,False,OoD Test,OoD Val,Unbiased,0,1.0,0.0,0.5
CCT,rabanser,logistic,True,False,OoD Test,OoD Val,Class,0,1.0,0.0,0.5
CCT,rabanser,logistic,True,False,OoD Test,OoD Val,Synthetic,0,1.0,0.0,0.5
CCT,rabanser,logistic,True,False,OoD Test,OoD Val,Temporal,0,1.0,0.0,0.5
CCT,rabanser,logistic,True,False,OoD Test,OoD Test,Unbiased,0,1.0,0.0,0.5
CCT,rabanser,logistic,True,False,OoD Test,OoD Test,Class,0,1.0,0.0,0.5
CCT,rabanser,logistic,True,False,OoD Test,OoD Test,Synthetic,0,1.0,0.0,0.5
CCT,rabanser,logistic,True,False,OoD Test,OoD Test,Temporal,0,1.0,0.0,0.5
CCT,rabanser,val_optimal,False,False,OoD Val,OoD Val,Unbiased,0,0.6524633821571239,0.8173076923076923,0.7348855372324081
CCT,rabanser,val_optimal,False,False,OoD Val,OoD Val,Class,0,0.9400798934753661,0.05769230769230771,0.4988861005838369
CCT,rabanser,val_optimal,False,False,OoD Val,OoD Val,Synthetic,0,1.0,0.0,0.5
CCT,rabanser,val_optimal,False,False,OoD Val,OoD Val,Temporal,0,0.6391478029294274,0.8557692307692308,0.7474585168493291
CCT,rabanser,val_optimal,False,False,OoD Val,OoD Test,Unbiased,0,0.7057256990679095,0.8173076923076923,0.7615166956878009
CCT,rabanser,val_optimal,False,False,OoD Val,OoD Test,Class,0,0.9227696404793608,0.05769230769230771,0.49023097408583427
CCT,rabanser,val_optimal,False,False,OoD Val,OoD Test,Synthetic,0,1.0,0.0,0.5
CCT,rabanser,val_optimal,False,False,OoD Val,OoD Test,Temporal,0,0.6857523302263648,0.8557692307692308,0.7707607804977978
CCT,rabanser,val_optimal,False,False,OoD Test,OoD Val,Unbiased,0,0.6524633821571239,0.8173076923076923,0.7348855372324081
CCT,rabanser,val_optimal,False,False,OoD Test,OoD Val,Class,0,0.9400798934753661,0.05769230769230771,0.4988861005838369
CCT,rabanser,val_optimal,False,False,OoD Test,OoD Val,Synthetic,0,1.0,0.0,0.5
CCT,rabanser,val_optimal,False,False,OoD Test,OoD Val,Temporal,0,0.6391478029294274,0.8557692307692308,0.7474585168493291
CCT,rabanser,val_optimal,False,False,OoD Test,OoD Test,Unbiased,0,0.7057256990679095,0.8173076923076923,0.7615166956878009
CCT,rabanser,val_optimal,False,False,OoD Test,OoD Test,Class,0,0.9227696404793608,0.05769230769230771,0.49023097408583427
CCT,rabanser,val_optimal,False,False,OoD Test,OoD Test,Synthetic,0,1.0,0.0,0.5
CCT,rabanser,val_optimal,False,False,OoD Test,OoD Test,Temporal,0,0.6857523302263648,0.8557692307692308,0.7707607804977978
CCT,rabanser,ind_span,False,False,OoD Val,OoD Val,Unbiased,0,0.16644474034620507,0.9519230769230769,0.559183908634641
CCT,rabanser,ind_span,False,False,OoD Val,OoD Val,Class,0,0.681757656458056,0.375,0.528378828229028
CCT,rabanser,ind_span,False,False,OoD Val,OoD Val,Synthetic,0,1.0,0.009615384615384581,0.5048076923076923
CCT,rabanser,ind_span,False,False,OoD Val,OoD Val,Temporal,0,0.15046604527296936,0.9615384615384616,0.5560022534057154
CCT,rabanser,ind_span,False,False,OoD Val,OoD Test,Unbiased,0,0.20639147802929428,0.9519230769230769,0.5791572774761856
CCT,rabanser,ind_span,False,False,OoD Val,OoD Test,Class,0,0.6870838881491345,0.375,0.5310419440745673
CCT,rabanser,ind_span,False,False,OoD Val,OoD Test,Synthetic,0,1.0,0.009615384615384581,0.5048076923076923
CCT,rabanser,ind_span,False,False,OoD Val,OoD Test,Temporal,0,0.20372836218375498,0.9615384615384616,0.5826334118611083
CCT,rabanser,ind_span,False,False,OoD Test,OoD Val,Unbiased,0,0.16644474034620507,0.9519230769230769,0.559183908634641
CCT,rabanser,ind_span,False,False,OoD Test,OoD Val,Class,0,0.681757656458056,0.375,0.528378828229028
CCT,rabanser,ind_span,False,False,OoD Test,OoD Val,Synthetic,0,1.0,0.009615384615384581,0.5048076923076923
CCT,rabanser,ind_span,False,False,OoD Test,OoD Val,Temporal,0,0.15046604527296936,0.9615384615384616,0.5560022534057154
CCT,rabanser,ind_span,False,False,OoD Test,OoD Test,Unbiased,0,0.20639147802929428,0.9519230769230769,0.5791572774761856
CCT,rabanser,ind_span,False,False,OoD Test,OoD Test,Class,0,0.6870838881491345,0.375,0.5310419440745673
CCT,rabanser,ind_span,False,False,OoD Test,OoD Test,Synthetic,0,1.0,0.009615384615384581,0.5048076923076923
CCT,rabanser,ind_span,False,False,OoD Test,OoD Test,Temporal,0,0.20372836218375498,0.9615384615384616,0.5826334118611083
CCT,rabanser,logistic,False,False,OoD Val,OoD Val,Unbiased,0,1.0,0.0,0.5
CCT,rabanser,logistic,False,False,OoD Val,OoD Val,Class,0,1.0,0.0,0.5
CCT,rabanser,logistic,False,False,OoD Val,OoD Val,Synthetic,0,1.0,0.0,0.5
CCT,rabanser,logistic,False,False,OoD Val,OoD Val,Temporal,0,1.0,0.0,0.5
CCT,rabanser,logistic,False,False,OoD Val,OoD Test,Unbiased,0,1.0,0.0,0.5
CCT,rabanser,logistic,False,False,OoD Val,OoD Test,Class,0,1.0,0.0,0.5
CCT,rabanser,logistic,False,False,OoD Val,OoD Test,Synthetic,0,1.0,0.0,0.5
CCT,rabanser,logistic,False,False,OoD Val,OoD Test,Temporal,0,1.0,0.0,0.5
CCT,rabanser,logistic,False,False,OoD Test,OoD Val,Unbiased,0,1.0,0.0,0.5
CCT,rabanser,logistic,False,False,OoD Test,OoD Val,Class,0,1.0,0.0,0.5
CCT,rabanser,logistic,False,False,OoD Test,OoD Val,Synthetic,0,1.0,0.0,0.5
CCT,rabanser,logistic,False,False,OoD Test,OoD Val,Temporal,0,1.0,0.0,0.5
CCT,rabanser,logistic,False,False,OoD Test,OoD Test,Unbiased,0,1.0,0.0,0.5
CCT,rabanser,logistic,False,False,OoD Test,OoD Test,Class,0,1.0,0.0,0.5
CCT,rabanser,logistic,False,False,OoD Test,OoD Test,Synthetic,0,1.0,0.0,0.5
CCT,rabanser,logistic,False,False,OoD Test,OoD Test,Temporal,0,1.0,0.0,0.5
CCT,rabanser,val_optimal,True,True,OoD Val,OoD Val,Unbiased,5,0.9940476190476191,0.14701601164483258,0.5705318153462258
CCT,rabanser,val_optimal,True,True,OoD Val,OoD Val,Class,5,0.9971264367816092,0.5471698113207547,0.7721481240511819
CCT,rabanser,val_optimal,True,True,OoD Val,OoD Val,Synthetic,5,1.0,0.09669211195928751,0.5483460559796438
CCT,rabanser,val_optimal,True,True,OoD Val,OoD Val,Temporal,5,0.9622641509433962,0.1296758104738155,0.5459699807086058
CCT,rabanser,val_optimal,True,True,OoD Val,OoD Test,Unbiased,5,0.9946236559139785,0.13452914798206284,0.5645764019480206
CCT,rabanser,val_optimal,True,True,OoD Val,OoD Test,Class,5,0.9985693848354793,0.5576923076923077,0.7781308462638935
CCT,rabanser,val_optimal,True,True,OoD Val,OoD Test,Synthetic,5,1.0,0.09793814432989689,0.5489690721649485
CCT,rabanser,val_optimal,True,True,OoD Val,OoD Test,Temporal,5,0.9868421052631579,0.1258023106546855,0.5563222079589216
CCT,rabanser,val_optimal,True,True,OoD Test,OoD Val,Unbiased,5,0.9761904761904762,0.1834061135371179,0.579798294863797
CCT,rabanser,val_optimal,True,True,OoD Test,OoD Val,Class,5,0.992816091954023,0.5723270440251572,0.7825715679895902
CCT,rabanser,val_optimal,True,True,OoD Test,OoD Val,Synthetic,5,1.0,0.10432569974554706,0.5521628498727735
CCT,rabanser,val_optimal,True,True,OoD Test,OoD Val,Temporal,5,0.9622641509433962,0.15710723192019949,0.5596856914317978
CCT,rabanser,val_optimal,True,True,OoD Test,OoD Test,Unbiased,5,0.9731182795698925,0.15396113602391626,0.5635397077969044
CCT,rabanser,val_optimal,True,True,OoD Test,OoD Test,Class,5,0.9928469241773963,0.5833333333333333,0.7880901287553648
CCT,rabanser,val_optimal,True,True,OoD Test,OoD Test,Synthetic,5,1.0,0.10567010309278346,0.5528350515463918
CCT,rabanser,val_optimal,True,True,OoD Test,OoD Test,Temporal,5,0.9473684210526315,0.14249037227214378,0.5449293966623876
CCT,rabanser,ind_span,True,True,OoD Val,OoD Val,Unbiased,5,0.8571428571428571,0.2590975254730713,0.5581201913079642
CCT,rabanser,ind_span,True,True,OoD Val,OoD Val,Class,5,0.9698275862068966,0.6037735849056604,0.7868005855562785
CCT,rabanser,ind_span,True,True,OoD Val,OoD Val,Synthetic,5,1.0,0.12086513994910941,0.5604325699745547
CCT,rabanser,ind_span,True,True,OoD Val,OoD Val,Temporal,5,0.9245283018867925,0.243142144638404,0.5838352232625983
CCT,rabanser,ind_span,True,True,OoD Val,OoD Test,Unbiased,5,0.9193548387096774,0.23617339312406582,0.5777641159168716
CCT,rabanser,ind_span,True,True,OoD Val,OoD Test,Class,5,0.9814020028612304,0.6282051282051282,0.8048035655331793
CCT,rabanser,ind_span,True,True,OoD Val,OoD Test,Synthetic,5,1.0,0.12242268041237114,0.5612113402061856
CCT,rabanser,ind_span,True,True,OoD Val,OoD Test,Temporal,5,0.8421052631578947,0.2002567394094994,0.521181001283697
CCT,rabanser,ind_span,True,True,OoD Test,OoD Val,Unbiased,5,0.8571428571428571,0.2590975254730713,0.5581201913079642
CCT,rabanser,ind_span,True,True,OoD Test,OoD Val,Class,5,0.9698275862068966,0.6037735849056604,0.7868005855562785
CCT,rabanser,ind_span,True,True,OoD Test,OoD Val,Synthetic,5,1.0,0.12086513994910941,0.5604325699745547
CCT,rabanser,ind_span,True,True,OoD Test,OoD Val,Temporal,5,0.9245283018867925,0.243142144638404,0.5838352232625983
CCT,rabanser,ind_span,True,True,OoD Test,OoD Test,Unbiased,5,0.9193548387096774,0.23617339312406582,0.5777641159168716
CCT,rabanser,ind_span,True,True,OoD Test,OoD Test,Class,5,0.9814020028612304,0.6282051282051282,0.8048035655331793
CCT,rabanser,ind_span,True,True,OoD Test,OoD Test,Synthetic,5,1.0,0.12242268041237114,0.5612113402061856
CCT,rabanser,ind_span,True,True,OoD Test,OoD Test,Temporal,5,0.8421052631578947,0.2002567394094994,0.521181001283697
CCT,rabanser,logistic,True,True,OoD Val,OoD Val,Unbiased,5,1.0,0.0,0.5
CCT,rabanser,logistic,True,True,OoD Val,OoD Val,Class,5,1.0,0.0,0.5
CCT,rabanser,logistic,True,True,OoD Val,OoD Val,Synthetic,5,1.0,0.0,0.5
CCT,rabanser,logistic,True,True,OoD Val,OoD Val,Temporal,5,1.0,0.0,0.5
CCT,rabanser,logistic,True,True,OoD Val,OoD Test,Unbiased,5,1.0,0.0,0.5
CCT,rabanser,logistic,True,True,OoD Val,OoD Test,Class,5,1.0,0.0,0.5
CCT,rabanser,logistic,True,True,OoD Val,OoD Test,Synthetic,5,1.0,0.0,0.5
CCT,rabanser,logistic,True,True,OoD Val,OoD Test,Temporal,5,1.0,0.0,0.5
CCT,rabanser,logistic,True,True,OoD Test,OoD Val,Unbiased,5,1.0,0.0,0.5
CCT,rabanser,logistic,True,True,OoD Test,OoD Val,Class,5,1.0,0.0,0.5
CCT,rabanser,logistic,True,True,OoD Test,OoD Val,Synthetic,5,1.0,0.0,0.5
CCT,rabanser,logistic,True,True,OoD Test,OoD Val,Temporal,5,1.0,0.0,0.5
CCT,rabanser,logistic,True,True,OoD Test,OoD Test,Unbiased,5,1.0,0.0,0.5
CCT,rabanser,logistic,True,True,OoD Test,OoD Test,Class,5,1.0,0.0,0.5
CCT,rabanser,logistic,True,True,OoD Test,OoD Test,Synthetic,5,1.0,0.0,0.5
CCT,rabanser,logistic,True,True,OoD Test,OoD Test,Temporal,5,1.0,0.0,0.5
CCT,rabanser,val_optimal,True,False,OoD Val,OoD Val,Unbiased,5,0.9800266311584553,0.8365384615384616,0.9082825463484585
CCT,rabanser,val_optimal,True,False,OoD Val,OoD Val,Class,5,0.9971264367816092,0.5471698113207547,0.7721481240511819
CCT,rabanser,val_optimal,True,False,OoD Val,OoD Val,Synthetic,5,1.0,0.09669211195928751,0.5483460559796438
CCT,rabanser,val_optimal,True,False,OoD Val,OoD Val,Temporal,5,0.9622641509433962,0.1296758104738155,0.5459699807086058
CCT,rabanser,val_optimal,True,False,OoD Val,OoD Test,Unbiased,5,0.9946236559139785,0.13452914798206284,0.5645764019480206
CCT,rabanser,val_optimal,True,False,OoD Val,OoD Test,Class,5,0.9985693848354793,0.5576923076923077,0.7781308462638935
CCT,rabanser,val_optimal,True,False,OoD Val,OoD Test,Synthetic,5,1.0,0.09793814432989689,0.5489690721649485
CCT,rabanser,val_optimal,True,False,OoD Val,OoD Test,Temporal,5,0.9868421052631579,0.1258023106546855,0.5563222079589216
CCT,rabanser,val_optimal,True,False,OoD Test,OoD Val,Unbiased,5,0.9494007989347537,0.8846153846153846,0.9170080917750691
CCT,rabanser,val_optimal,True,False,OoD Test,OoD Val,Class,5,0.992816091954023,0.5723270440251572,0.7825715679895902
CCT,rabanser,val_optimal,True,False,OoD Test,OoD Val,Synthetic,5,1.0,0.10432569974554706,0.5521628498727735
CCT,rabanser,val_optimal,True,False,OoD Test,OoD Val,Temporal,5,0.9622641509433962,0.15710723192019949,0.5596856914317978
CCT,rabanser,val_optimal,True,False,OoD Test,OoD Test,Unbiased,5,0.9731182795698925,0.15396113602391626,0.5635397077969044
CCT,rabanser,val_optimal,True,False,OoD Test,OoD Test,Class,5,0.9928469241773963,0.5833333333333333,0.7880901287553648
CCT,rabanser,val_optimal,True,False,OoD Test,OoD Test,Synthetic,5,1.0,0.10567010309278346,0.5528350515463918
CCT,rabanser,val_optimal,True,False,OoD Test,OoD Test,Temporal,5,0.9473684210526315,0.14249037227214378,0.5449293966623876
CCT,rabanser,ind_span,True,False,OoD Val,OoD Val,Unbiased,5,0.8615179760319573,0.9423076923076923,0.9019128341698248
CCT,rabanser,ind_span,True,False,OoD Val,OoD Val,Class,5,0.9698275862068966,0.6037735849056604,0.7868005855562785
CCT,rabanser,ind_span,True,False,OoD Val,OoD Val,Synthetic,5,1.0,0.12086513994910941,0.5604325699745547
CCT,rabanser,ind_span,True,False,OoD Val,OoD Val,Temporal,5,0.9245283018867925,0.243142144638404,0.5838352232625983
CCT,rabanser,ind_span,True,False,OoD Val,OoD Test,Unbiased,5,0.9193548387096774,0.23617339312406582,0.5777641159168716
CCT,rabanser,ind_span,True,False,OoD Val,OoD Test,Class,5,0.9814020028612304,0.6282051282051282,0.8048035655331793
CCT,rabanser,ind_span,True,False,OoD Val,OoD Test,Synthetic,5,1.0,0.12242268041237114,0.5612113402061856
CCT,rabanser,ind_span,True,False,OoD Val,OoD Test,Temporal,5,0.8421052631578947,0.2002567394094994,0.521181001283697
CCT,rabanser,ind_span,True,False,OoD Test,OoD Val,Unbiased,5,0.8615179760319573,0.9423076923076923,0.9019128341698248
CCT,rabanser,ind_span,True,False,OoD Test,OoD Val,Class,5,0.9698275862068966,0.6037735849056604,0.7868005855562785
CCT,rabanser,ind_span,True,False,OoD Test,OoD Val,Synthetic,5,1.0,0.12086513994910941,0.5604325699745547
CCT,rabanser,ind_span,True,False,OoD Test,OoD Val,Temporal,5,0.9245283018867925,0.243142144638404,0.5838352232625983
CCT,rabanser,ind_span,True,False,OoD Test,OoD Test,Unbiased,5,0.9193548387096774,0.23617339312406582,0.5777641159168716
CCT,rabanser,ind_span,True,False,OoD Test,OoD Test,Class,5,0.9814020028612304,0.6282051282051282,0.8048035655331793
CCT,rabanser,ind_span,True,False,OoD Test,OoD Test,Synthetic,5,1.0,0.12242268041237114,0.5612113402061856
CCT,rabanser,ind_span,True,False,OoD Test,OoD Test,Temporal,5,0.8421052631578947,0.2002567394094994,0.521181001283697
CCT,rabanser,logistic,True,False,OoD Val,OoD Val,Unbiased,5,1.0,0.0,0.5
CCT,rabanser,logistic,True,False,OoD Val,OoD Val,Class,5,1.0,0.0,0.5
CCT,rabanser,logistic,True,False,OoD Val,OoD Val,Synthetic,5,1.0,0.0,0.5
CCT,rabanser,logistic,True,False,OoD Val,OoD Val,Temporal,5,1.0,0.0,0.5
CCT,rabanser,logistic,True,False,OoD Val,OoD Test,Unbiased,5,1.0,0.0,0.5
CCT,rabanser,logistic,True,False,OoD Val,OoD Test,Class,5,1.0,0.0,0.5
CCT,rabanser,logistic,True,False,OoD Val,OoD Test,Synthetic,5,1.0,0.0,0.5
CCT,rabanser,logistic,True,False,OoD Val,OoD Test,Temporal,5,1.0,0.0,0.5
CCT,rabanser,logistic,True,False,OoD Test,OoD Val,Unbiased,5,1.0,0.0,0.5
CCT,rabanser,logistic,True,False,OoD Test,OoD Val,Class,5,1.0,0.0,0.5
CCT,rabanser,logistic,True,False,OoD Test,OoD Val,Synthetic,5,1.0,0.0,0.5
CCT,rabanser,logistic,True,False,OoD Test,OoD Val,Temporal,5,1.0,0.0,0.5
CCT,rabanser,logistic,True,False,OoD Test,OoD Test,Unbiased,5,1.0,0.0,0.5
CCT,rabanser,logistic,True,False,OoD Test,OoD Test,Class,5,1.0,0.0,0.5
CCT,rabanser,logistic,True,False,OoD Test,OoD Test,Synthetic,5,1.0,0.0,0.5
CCT,rabanser,logistic,True,False,OoD Test,OoD Test,Temporal,5,1.0,0.0,0.5
CCT,rabanser,val_optimal,False,False,OoD Val,OoD Val,Unbiased,5,0.9800266311584553,0.8365384615384616,0.9082825463484585
CCT,rabanser,val_optimal,False,False,OoD Val,OoD Val,Class,5,0.9973368841544608,0.8365384615384616,0.9169376728464611
CCT,rabanser,val_optimal,False,False,OoD Val,OoD Val,Synthetic,5,1.0,0.7307692307692308,0.8653846153846154
CCT,rabanser,val_optimal,False,False,OoD Val,OoD Val,Temporal,5,0.9826897470039947,0.8942307692307693,0.938460258117382
CCT,rabanser,val_optimal,False,False,OoD Val,OoD Test,Unbiased,5,0.9946737683089214,0.8365384615384616,0.9156061149236915
CCT,rabanser,val_optimal,False,False,OoD Val,OoD Test,Class,5,0.9986684420772304,0.8365384615384616,0.917603451807846
CCT,rabanser,val_optimal,False,False,OoD Val,OoD Test,Synthetic,5,1.0,0.7307692307692308,0.8653846153846154
CCT,rabanser,val_optimal,False,False,OoD Val,OoD Test,Temporal,5,0.9920106524633822,0.8942307692307693,0.9431207108470757
CCT,rabanser,val_optimal,False,False,OoD Test,OoD Val,Unbiased,5,0.9494007989347537,0.8846153846153846,0.9170080917750691
CCT,rabanser,val_optimal,False,False,OoD Test,OoD Val,Class,5,0.9933422103861518,0.875,0.9341711051930759
CCT,rabanser,val_optimal,False,False,OoD Test,OoD Val,Synthetic,5,1.0,0.7884615384615384,0.8942307692307692
CCT,rabanser,val_optimal,False,False,OoD Test,OoD Val,Temporal,5,0.9573901464713716,0.9230769230769231,0.9402335347741473
CCT,rabanser,val_optimal,False,False,OoD Test,OoD Test,Unbiased,5,0.9786950732356857,0.8846153846153846,0.9316552289255351
CCT,rabanser,val_optimal,False,False,OoD Test,OoD Test,Class,5,0.9933422103861518,0.875,0.9341711051930759
CCT,rabanser,val_optimal,False,False,OoD Test,OoD Test,Synthetic,5,1.0,0.7884615384615384,0.8942307692307692
CCT,rabanser,val_optimal,False,False,OoD Test,OoD Test,Temporal,5,0.9747003994673769,0.9230769230769231,0.94888866127215
CCT,rabanser,ind_span,False,False,OoD Val,OoD Val,Unbiased,5,0.8615179760319573,0.9423076923076923,0.9019128341698248
CCT,rabanser,ind_span,False,False,OoD Val,OoD Val,Class,5,0.9720372836218375,0.9230769230769231,0.9475571033493804
CCT,rabanser,ind_span,False,False,OoD Val,OoD Val,Synthetic,5,1.0,0.9134615384615384,0.9567307692307692
CCT,rabanser,ind_span,False,False,OoD Val,OoD Val,Temporal,5,0.8681757656458056,0.9615384615384616,0.9148571135921335
CCT,rabanser,ind_span,False,False,OoD Val,OoD Test,Unbiased,5,0.9001331557922769,0.9423076923076923,0.9212204240499846
CCT,rabanser,ind_span,False,False,OoD Val,OoD Test,Class,5,0.9800266311584553,0.9230769230769231,0.9515517771176892
CCT,rabanser,ind_span,False,False,OoD Val,OoD Test,Synthetic,5,1.0,0.9134615384615384,0.9567307692307692
CCT,rabanser,ind_span,False,False,OoD Val,OoD Test,Temporal,5,0.9094540612516645,0.9615384615384616,0.935496261395063
CCT,rabanser,ind_span,False,False,OoD Test,OoD Val,Unbiased,5,0.8615179760319573,0.9423076923076923,0.9019128341698248
CCT,rabanser,ind_span,False,False,OoD Test,OoD Val,Class,5,0.9720372836218375,0.9230769230769231,0.9475571033493804
CCT,rabanser,ind_span,False,False,OoD Test,OoD Val,Synthetic,5,1.0,0.9134615384615384,0.9567307692307692
CCT,rabanser,ind_span,False,False,OoD Test,OoD Val,Temporal,5,0.8681757656458056,0.9615384615384616,0.9148571135921335
CCT,rabanser,ind_span,False,False,OoD Test,OoD Test,Unbiased,5,0.9001331557922769,0.9423076923076923,0.9212204240499846
CCT,rabanser,ind_span,False,False,OoD Test,OoD Test,Class,5,0.9800266311584553,0.9230769230769231,0.9515517771176892
CCT,rabanser,ind_span,False,False,OoD Test,OoD Test,Synthetic,5,1.0,0.9134615384615384,0.9567307692307692
CCT,rabanser,ind_span,False,False,OoD Test,OoD Test,Temporal,5,0.9094540612516645,0.9615384615384616,0.935496261395063
CCT,rabanser,logistic,False,False,OoD Val,OoD Val,Unbiased,5,1.0,0.0,0.5
CCT,rabanser,logistic,False,False,OoD Val,OoD Val,Class,5,1.0,0.0,0.5
CCT,rabanser,logistic,False,False,OoD Val,OoD Val,Synthetic,5,1.0,0.0,0.5
CCT,rabanser,logistic,False,False,OoD Val,OoD Val,Temporal,5,1.0,0.0,0.5
CCT,rabanser,logistic,False,False,OoD Val,OoD Test,Unbiased,5,1.0,0.0,0.5
CCT,rabanser,logistic,False,False,OoD Val,OoD Test,Class,5,1.0,0.0,0.5
CCT,rabanser,logistic,False,False,OoD Val,OoD Test,Synthetic,5,1.0,0.0,0.5
CCT,rabanser,logistic,False,False,OoD Val,OoD Test,Temporal,5,1.0,0.0,0.5
CCT,rabanser,logistic,False,False,OoD Test,OoD Val,Unbiased,5,1.0,0.0,0.5
CCT,rabanser,logistic,False,False,OoD Test,OoD Val,Class,5,1.0,0.0,0.5
CCT,rabanser,logistic,False,False,OoD Test,OoD Val,Synthetic,5,1.0,0.0,0.5
CCT,rabanser,logistic,False,False,OoD Test,OoD Val,Temporal,5,1.0,0.0,0.5
CCT,rabanser,logistic,False,False,OoD Test,OoD Test,Unbiased,5,1.0,0.0,0.5
CCT,rabanser,logistic,False,False,OoD Test,OoD Test,Class,5,1.0,0.0,0.5
CCT,rabanser,logistic,False,False,OoD Test,OoD Test,Synthetic,5,1.0,0.0,0.5
CCT,rabanser,logistic,False,False,OoD Test,OoD Test,Temporal,5,1.0,0.0,0.5
